RECONYX - MapView Professional,,,,,,,,,,,,,,,,,,,,,,,,,,,,
Image Name,Site,Location,Trigger,Date,Time,Moon Phase,Illum,Label,Contrast,Brightness,Sharpness,Saturation,Sensitivity,Temp,Battery(Volts),Serial #,Narrative,Firmware,Image Path, Location Latitude, Location Longitude, Ir, Vir, Original File Name,1_orange,2_yellow,3_pink,4_snow
2022-09-22 13-00-00 T.JPG,My Site,SU O11,T,9/22/2022,1:00:00 PM,Waning Crescent,Off,K05 SU,128,0,64,154,100,44,9.5,P900BD04101741,,4.1.0.20131009,C:\Users\jball\Pictures\RECONYX Images\My Site\SU O11\2022-09-22 13-00-00 T.JPG,,,3,5,,19,0,0,0
2022-09-23 13-00-00 T.JPG,My Site,SU O11,T,9/23/2022,1:00:00 PM,Waning Crescent,Off,K05 SU,128,0,64,154,100,38,9.2,P900BD04101741,,4.1.0.20131009,C:\Users\jball\Pictures\RECONYX Images\My Site\SU O11\2022-09-23 13-00-00 T.JPG,,,3,5,,19,0,0,0
2022-09-24 13-00-00 T.JPG,My Site,SU O11,T,9/24/2022,1:00:00 PM,New Moon,Off,K05 SU,128,0,64,154,100,44,9,P900BD04101741,,4.1.0.20131009,C:\Users\jball\Pictures\RECONYX Images\My Site\SU O11\2022-09-24 13-00-00 T.JPG,,,3,5,,19,0,0,0
2022-09-25 13-00-00 T.JPG,My Site,SU O11,T,9/25/2022,1:00:00 PM,New Moon,Off,K05 SU,128,0,64,154,100,41,9.1,P900BD04101741,,4.1.0.20131009,C:\Users\jball\Pictures\RECONYX Images\My Site\SU O11\2022-09-25 13-00-00 T.JPG,,,2,4,,19,0,0,0
2022-09-26 13-00-00 T.JPG,My Site,SU O11,T,9/26/2022,1:00:00 PM,New Moon,Off,K05 SU,128,0,64,154,100,30,9,P900BD04101741,,4.1.0.20131009,C:\Users\jball\Pictures\RECONYX Images\My Site\SU O11\2022-09-26 13-00-00 T.JPG,,,4,15,,0,5,4,40
2022-09-27 13-00-00 T.JPG,My Site,SU O11,T,9/27/2022,1:00:00 PM,New Moon,Off,K05 SU,128,0,64,154,100,37,8.9,P900BD04101741,,4.1.0.20131009,C:\Users\jball\Pictures\RECONYX Images\My Site\SU O11\2022-09-27 13-00-00 T.JPG,,,4,12,,14,10,2,20
2022-09-28 13-00-00 T.JPG,My Site,SU O11,T,9/28/2022,1:00:00 PM,Waxing Crescent,Off,K05 SU,128,0,64,154,100,34,8.9,P900BD04101741,,4.1.0.20131009,C:\Users\jball\Pictures\RECONYX Images\My Site\SU O11\2022-09-28 13-00-00 T.JPG,,,3,8,,16,10,4,15
2022-09-29 13-00-00 T.JPG,My Site,SU O11,T,9/29/2022,1:00:00 PM,Waxing Crescent,Off,K05 SU,128,0,64,154,100,44,8.9,P900BD04101741,,4.1.0.20131009,C:\Users\jball\Pictures\RECONYX Images\My Site\SU O11\2022-09-29 13-00-00 T.JPG,,,4,10,,16,10,5,10
2022-09-30 13-00-00 T.JPG,My Site,SU O11,T,9/30/2022,1:00:00 PM,Waxing Crescent,Off,K05 SU,128,0,64,154,100,41,9,P900BD04101741,,4.1.0.20131009,C:\Users\jball\Pictures\RECONYX Images\My Site\SU O11\2022-09-30 13-00-00 T.JPG,,,2,6,,19,8,5,5
2022-10-01 13-00-00 T.JPG,My Site,SU O11,T,10/1/2022,1:00:00 PM,First Quarter,Off,K05 SU,128,0,64,154,100,37,8.9,P900BD04101741,,4.1.0.20131009,C:\Users\jball\Pictures\RECONYX Images\My Site\SU O11\2022-10-01 13-00-00 T.JPG,,,2,5,,19,4,1,5
2022-10-02 13-00-00 T.JPG,My Site,SU O11,T,10/2/2022,1:00:00 PM,First Quarter,Off,K05 SU,128,0,64,154,100,40,9.1,P900BD04101741,,4.1.0.20131009,C:\Users\jball\Pictures\RECONYX Images\My Site\SU O11\2022-10-02 13-00-00 T.JPG,,,0,1,,19,0,0,0
2022-10-03 13-00-00 T.JPG,My Site,SU O11,T,10/3/2022,1:00:00 PM,First Quarter,Off,K05 SU,128,0,64,154,100,43,8.9,P900BD04101741,,4.1.0.20131009,C:\Users\jball\Pictures\RECONYX Images\My Site\SU O11\2022-10-03 13-00-00 T.JPG,,,2,3,,19,0,0,0
2022-10-04 13-00-00 T.JPG,My Site,SU O11,T,10/4/2022,1:00:00 PM,First Quarter,Off,K05 SU,128,0,64,154,100,30,9,P900BD04101741,,4.1.0.20131009,C:\Users\jball\Pictures\RECONYX Images\My Site\SU O11\2022-10-04 13-00-00 T.JPG,,,1,2,,19,0,0,0
2022-10-05 13-00-00 T.JPG,My Site,SU O11,T,10/5/2022,1:00:00 PM,Waxing Gibbous,Off,K05 SU,128,0,64,154,100,44,8.9,P900BD04101741,,4.1.0.20131009,C:\Users\jball\Pictures\RECONYX Images\My Site\SU O11\2022-10-05 13-00-00 T.JPG,,,2,4,,19,0,0,0
2022-10-06 13-00-00 T.JPG,My Site,SU O11,T,10/6/2022,1:00:00 PM,Waxing Gibbous,Off,K05 SU,128,0,64,154,100,39,8.9,P900BD04101741,,4.1.0.20131009,C:\Users\jball\Pictures\RECONYX Images\My Site\SU O11\2022-10-06 13-00-00 T.JPG,,,2,3,,19,0,0,0
2022-10-07 13-00-00 T.JPG,My Site,SU O11,T,10/7/2022,1:00:00 PM,Waxing Gibbous,Off,K05 SU,128,0,64,154,100,46,9,P900BD04101741,,4.1.0.20131009,C:\Users\jball\Pictures\RECONYX Images\My Site\SU O11\2022-10-07 13-00-00 T.JPG,,,1,1,,19,0,0,0
2022-10-08 13-00-00 T.JPG,My Site,SU O11,T,10/8/2022,1:00:00 PM,Full Moon,Off,K05 SU,128,0,64,154,100,49,9,P900BD04101741,,4.1.0.20131009,C:\Users\jball\Pictures\RECONYX Images\My Site\SU O11\2022-10-08 13-00-00 T.JPG,,,1,2,,19,0,0,0
2022-10-09 13-00-00 T.JPG,My Site,SU O11,T,10/9/2022,1:00:00 PM,Full Moon,Off,K05 SU,128,0,64,154,100,40,9,P900BD04101741,,4.1.0.20131009,C:\Users\jball\Pictures\RECONYX Images\My Site\SU O11\2022-10-09 13-00-00 T.JPG,,,1,2,,19,0,0,0
2022-10-10 13-00-00 T.JPG,My Site,SU O11,T,10/10/2022,1:00:00 PM,Full Moon,Off,K05 SU,128,0,64,154,100,31,9,P900BD04101741,,4.1.0.20131009,C:\Users\jball\Pictures\RECONYX Images\My Site\SU O11\2022-10-10 13-00-00 T.JPG,,,2,3,,19,0,0,0
2022-10-11 13-00-00 T.JPG,My Site,SU O11,T,10/11/2022,1:00:00 PM,Full Moon,Off,K05 SU,128,0,64,154,100,30,8.9,P900BD04101741,,4.1.0.20131009,C:\Users\jball\Pictures\RECONYX Images\My Site\SU O11\2022-10-11 13-00-00 T.JPG,,,2,3,,19,0,0,0
2022-10-12 13-00-00 T.JPG,My Site,SU O11,T,10/12/2022,1:00:00 PM,Waning Gibbous,Off,K05 SU,128,0,64,154,100,24,8.9,P900BD04101741,,4.1.0.20131009,C:\Users\jball\Pictures\RECONYX Images\My Site\SU O11\2022-10-12 13-00-00 T.JPG,,,1,1,,19,0,0,0
2022-10-13 13-00-00 T.JPG,My Site,SU O11,T,10/13/2022,1:00:00 PM,Waning Gibbous,Off,K05 SU,128,0,64,154,100,19,8.8,P900BD04101741,,4.1.0.20131009,C:\Users\jball\Pictures\RECONYX Images\My Site\SU O11\2022-10-13 13-00-00 T.JPG,,,2,5,,15,2,0,20
2022-10-14 13-00-00 T.JPG,My Site,SU O11,T,10/14/2022,1:00:00 PM,Waning Gibbous,Off,K05 SU,128,0,64,154,100,22,8.8,P900BD04101741,,4.1.0.20131009,C:\Users\jball\Pictures\RECONYX Images\My Site\SU O11\2022-10-14 13-00-00 T.JPG,,,3,8,,15,2,0,20
2022-10-15 13-00-00 T.JPG,My Site,SU O11,T,10/15/2022,1:00:00 PM,Waning Gibbous,Off,K05 SU,128,0,64,154,100,23,8.7,P900BD04101741,,4.1.0.20131009,C:\Users\jball\Pictures\RECONYX Images\My Site\SU O11\2022-10-15 13-00-00 T.JPG,,,2,6,,15,2,0,20
2022-10-16 13-00-00 T.JPG,My Site,SU O11,T,10/16/2022,1:00:00 PM,Last Quarter,Off,K05 SU,128,0,64,154,100,37,8.7,P900BD04101741,,4.1.0.20131009,C:\Users\jball\Pictures\RECONYX Images\My Site\SU O11\2022-10-16 13-00-00 T.JPG,,,2,4,,15,2,0,20
2022-10-17 13-00-00 T.JPG,My Site,SU O11,T,10/17/2022,1:00:00 PM,Last Quarter,Off,K05 SU,128,0,64,154,100,32,8.7,P900BD04101741,,4.1.0.20131009,C:\Users\jball\Pictures\RECONYX Images\My Site\SU O11\2022-10-17 13-00-00 T.JPG,,,0,1,,15,1,0,20
2022-10-18 13-00-00 T.JPG,My Site,SU O11,T,10/18/2022,1:00:00 PM,Last Quarter,Off,K05 SU,128,0,64,154,100,34,8.7,P900BD04101741,,4.1.0.20131009,C:\Users\jball\Pictures\RECONYX Images\My Site\SU O11\2022-10-18 13-00-00 T.JPG,,,2,5,,15,1,0,20
2022-10-19 13-00-00 T.JPG,My Site,SU O11,T,10/19/2022,1:00:00 PM,Last Quarter,Off,K05 SU,128,0,64,154,100,33,8.7,P900BD04101741,,4.1.0.20131009,C:\Users\jball\Pictures\RECONYX Images\My Site\SU O11\2022-10-19 13-00-00 T.JPG,,,1,4,,15,1,0,20
2022-10-20 13-00-00 T.JPG,My Site,SU O11,T,10/20/2022,1:00:00 PM,Waning Crescent,Off,K05 SU,128,0,64,154,100,34,8.7,P900BD04101741,,4.1.0.20131009,C:\Users\jball\Pictures\RECONYX Images\My Site\SU O11\2022-10-20 13-00-00 T.JPG,,,2,4,,15,1,0,20
2022-10-21 13-00-00 T.JPG,My Site,SU O11,T,10/21/2022,1:00:00 PM,Waning Crescent,Off,K05 SU,128,0,64,154,100,30,8.7,P900BD04101741,,4.1.0.20131009,C:\Users\jball\Pictures\RECONYX Images\My Site\SU O11\2022-10-21 13-00-00 T.JPG,,,1,3,,15,1,0,20
2022-10-22 13-00-00 T.JPG,My Site,SU O11,T,10/22/2022,1:00:00 PM,Waning Crescent,Off,K05 SU,128,0,64,154,100,27,8.7,P900BD04101741,,4.1.0.20131009,C:\Users\jball\Pictures\RECONYX Images\My Site\SU O11\2022-10-22 13-00-00 T.JPG,,,1,4,,15,1,0,20
2022-10-23 13-00-00 T.JPG,My Site,SU O11,T,10/23/2022,1:00:00 PM,New Moon,Off,K05 SU,128,0,64,154,100,23,8.7,P900BD04101741,,4.1.0.20131009,C:\Users\jball\Pictures\RECONYX Images\My Site\SU O11\2022-10-23 13-00-00 T.JPG,,,2,5,,15,1,0,20
2022-10-24 13-00-00 T.JPG,My Site,SU O11,T,10/24/2022,1:00:00 PM,New Moon,Off,K05 SU,128,0,64,154,100,18,8.7,P900BD04101741,,4.1.0.20131009,C:\Users\jball\Pictures\RECONYX Images\My Site\SU O11\2022-10-24 13-00-00 T.JPG,,,3,9,,15,3,0,20
2022-10-25 13-00-00 T.JPG,My Site,SU O11,T,10/25/2022,1:00:00 PM,New Moon,Off,K05 SU,128,0,64,154,100,14,8.7,P900BD04101741,,4.1.0.20131009,C:\Users\jball\Pictures\RECONYX Images\My Site\SU O11\2022-10-25 13-00-00 T.JPG,,,3,9,,15,3,0,20
2022-10-26 13-00-00 T.JPG,My Site,SU O11,T,10/26/2022,1:00:00 PM,New Moon,Off,K05 SU,128,0,64,154,100,22,8.5,P900BD04101741,,4.1.0.20131009,C:\Users\jball\Pictures\RECONYX Images\My Site\SU O11\2022-10-26 13-00-00 T.JPG,,,1,4,,15,3,0,20
2022-10-27 13-00-00 T.JPG,My Site,SU O11,T,10/27/2022,1:00:00 PM,Waxing Crescent,Off,K05 SU,128,0,64,154,100,15,8.4,P900BD04101741,,4.1.0.20131009,C:\Users\jball\Pictures\RECONYX Images\My Site\SU O11\2022-10-27 13-00-00 T.JPG,,,2,6,,14,4,0,20
2022-10-28 13-00-00 T.JPG,My Site,SU O11,T,10/28/2022,1:00:00 PM,Waxing Crescent,Off,K05 SU,128,0,64,154,100,10,8.4,P900BD04101741,,4.1.0.20131009,C:\Users\jball\Pictures\RECONYX Images\My Site\SU O11\2022-10-28 13-00-00 T.JPG,,,3,8,,14,4,0,20
2022-10-29 13-00-00 T.JPG,My Site,SU O11,T,10/29/2022,1:00:00 PM,Waxing Crescent,Off,K05 SU,128,0,64,154,100,16,8.3,P900BD04101741,,4.1.0.20131009,C:\Users\jball\Pictures\RECONYX Images\My Site\SU O11\2022-10-29 13-00-00 T.JPG,,,3,9,,14,4,0,20
2022-10-30 13-00-00 T.JPG,My Site,SU O11,T,10/30/2022,1:00:00 PM,Waxing Crescent,Off,K05 SU,128,0,64,154,100,12,8.2,P900BD04101741,,4.1.0.20131009,C:\Users\jball\Pictures\RECONYX Images\My Site\SU O11\2022-10-30 13-00-00 T.JPG,,,2,6,,8,5,0,30
2022-10-31 13-00-00 T.JPG,My Site,SU O11,T,10/31/2022,1:00:00 PM,First Quarter,Off,K05 SU,128,0,64,154,100,9,8.2,P900BD04101741,,4.1.0.20131009,C:\Users\jball\Pictures\RECONYX Images\My Site\SU O11\2022-10-31 13-00-00 T.JPG,,,3,9,,8,5,0,30
2022-11-01 13-00-00 T.JPG,My Site,SU O11,T,11/1/2022,1:00:00 PM,First Quarter,Off,K05 SU,128,0,64,154,100,8,8.2,P900BD04101741,,4.1.0.20131009,C:\Users\jball\Pictures\RECONYX Images\My Site\SU O11\2022-11-01 13-00-00 T.JPG,,,3,10,,8,5,0,30
2022-11-02 13-00-00 T.JPG,My Site,SU O11,T,11/2/2022,1:00:00 PM,First Quarter,Off,K05 SU,128,0,64,154,100,21,8.3,P900BD04101741,,4.1.0.20131009,C:\Users\jball\Pictures\RECONYX Images\My Site\SU O11\2022-11-02 13-00-00 T.JPG,,,2,6,,8,5,0,30
2022-11-03 13-00-00 T.JPG,My Site,SU O11,T,11/3/2022,1:00:00 PM,Waxing Gibbous,Off,K05 SU,128,0,64,154,100,23,8.2,P900BD04101741,,4.1.0.20131009,C:\Users\jball\Pictures\RECONYX Images\My Site\SU O11\2022-11-03 13-00-00 T.JPG,,,3,9,,8,5,0,30
2022-11-04 13-00-00 T.JPG,My Site,SU O11,T,11/4/2022,1:00:00 PM,Waxing Gibbous,Off,K05 SU,128,0,64,154,100,5,8.2,P900BD04101741,,4.1.0.20131009,C:\Users\jball\Pictures\RECONYX Images\My Site\SU O11\2022-11-04 13-00-00 T.JPG,,,3,8,,8,5,0,30
2022-11-05 13-00-00 T.JPG,My Site,SU O11,T,11/5/2022,1:00:00 PM,Waxing Gibbous,Off,K05 SU,128,0,64,154,100,1,8.3,P900BD04101741,,4.1.0.20131009,C:\Users\jball\Pictures\RECONYX Images\My Site\SU O11\2022-11-05 13-00-00 T.JPG,,,2,6,,8,5,0,30
2022-11-06 13-00-00 T.JPG,My Site,SU O11,T,11/6/2022,1:00:00 PM,Waxing Gibbous,Off,K05 SU,128,0,64,154,100,-1,8.1,P900BD04101741,,4.1.0.20131009,C:\Users\jball\Pictures\RECONYX Images\My Site\SU O11\2022-11-06 13-00-00 T.JPG,,,1,3,,8,5,0,30
2022-11-07 13-00-00 T.JPG,My Site,SU O11,T,11/7/2022,1:00:00 PM,Full Moon,Off,K05 SU,128,0,64,154,100,-13,8.2,P900BD04101741,,4.1.0.20131009,C:\Users\jball\Pictures\RECONYX Images\My Site\SU O11\2022-11-07 13-00-00 T.JPG,,,1,2,,8,5,0,30
2022-11-08 13-00-00 T.JPG,My Site,SU O11,T,11/8/2022,1:00:00 PM,Full Moon,Off,K05 SU,128,0,64,154,100,5,8.1,P900BD04101741,,4.1.0.20131009,C:\Users\jball\Pictures\RECONYX Images\My Site\SU O11\2022-11-08 13-00-00 T.JPG,,,1,3,,8,5,0,30
2022-11-09 13-00-00 T.JPG,My Site,SU O11,T,11/9/2022,1:00:00 PM,Full Moon,Off,K05 SU,128,0,64,154,100,14,8.1,P900BD04101741,,4.1.0.20131009,C:\Users\jball\Pictures\RECONYX Images\My Site\SU O11\2022-11-09 13-00-00 T.JPG,,,2,5,,7,5,0,30
2022-11-10 13-00-00 T.JPG,My Site,SU O11,T,11/10/2022,1:00:00 PM,Full Moon,Off,K05 SU,128,0,64,154,100,21,8.1,P900BD04101741,,4.1.0.20131009,C:\Users\jball\Pictures\RECONYX Images\My Site\SU O11\2022-11-10 13-00-00 T.JPG,,,2,5,,7,5,0,30
2022-11-11 13-00-00 T.JPG,My Site,SU O11,T,11/11/2022,1:00:00 PM,Waning Gibbous,Off,K05 SU,128,0,64,154,100,15,8,P900BD04101741,,4.1.0.20131009,C:\Users\jball\Pictures\RECONYX Images\My Site\SU O11\2022-11-11 13-00-00 T.JPG,,,2,5,,7,5,0,30
2022-11-12 13-00-00 T.JPG,My Site,SU O11,T,11/12/2022,1:00:00 PM,Waning Gibbous,Off,K05 SU,128,0,64,154,100,30,8,P900BD04101741,,4.1.0.20131009,C:\Users\jball\Pictures\RECONYX Images\My Site\SU O11\2022-11-12 13-00-00 T.JPG,,,1,2,,9,5,0,30
2022-11-13 13-00-00 T.JPG,My Site,SU O11,T,11/13/2022,1:00:00 PM,Waning Gibbous,Off,K05 SU,128,0,64,154,100,27,8,P900BD04101741,,4.1.0.20131009,C:\Users\jball\Pictures\RECONYX Images\My Site\SU O11\2022-11-13 13-00-00 T.JPG,,,1,2,,9,5,0,30
2022-11-14 13-00-00 T.JPG,My Site,SU O11,T,11/14/2022,1:00:00 PM,Last Quarter,Off,K05 SU,128,0,64,154,100,28,8,P900BD04101741,,4.1.0.20131009,C:\Users\jball\Pictures\RECONYX Images\My Site\SU O11\2022-11-14 13-00-00 T.JPG,,,0,1,,13,4,0,25
2022-11-15 13-00-00 T.JPG,My Site,SU O11,T,11/15/2022,1:00:00 PM,Last Quarter,Off,K05 SU,128,0,64,154,100,22,8.1,P900BD04101741,,4.1.0.20131009,C:\Users\jball\Pictures\RECONYX Images\My Site\SU O11\2022-11-15 13-00-00 T.JPG,,,1,2,,13,4,0,25
2022-11-16 13-00-00 T.JPG,My Site,SU O11,T,11/16/2022,1:00:00 PM,Last Quarter,Off,K05 SU,128,0,64,154,100,4,8.1,P900BD04101741,,4.1.0.20131009,C:\Users\jball\Pictures\RECONYX Images\My Site\SU O11\2022-11-16 13-00-00 T.JPG,,,1,2,,13,4,0,25
2022-11-17 13-00-00 T.JPG,My Site,SU O11,T,11/17/2022,1:00:00 PM,Last Quarter,Off,K05 SU,128,0,64,154,100,-5,8,P900BD04101741,,4.1.0.20131009,C:\Users\jball\Pictures\RECONYX Images\My Site\SU O11\2022-11-17 13-00-00 T.JPG,,,1,1,,13,4,0,25
2022-11-18 13-00-00 T.JPG,My Site,SU O11,T,11/18/2022,1:00:00 PM,Waning Crescent,Off,K05 SU,128,0,64,154,100,-8,8.1,P900BD04101741,,4.1.0.20131009,C:\Users\jball\Pictures\RECONYX Images\My Site\SU O11\2022-11-18 13-00-00 T.JPG,,,1,1,,13,4,0,25
2022-11-19 13-00-00 T.JPG,My Site,SU O11,T,11/19/2022,1:00:00 PM,Waning Crescent,Off,K05 SU,128,0,64,154,100,10,8.1,P900BD04101741,,4.1.0.20131009,C:\Users\jball\Pictures\RECONYX Images\My Site\SU O11\2022-11-19 13-00-00 T.JPG,,,1,2,,13,4,0,25
2022-11-20 13-00-00 T.JPG,My Site,SU O11,T,11/20/2022,1:00:00 PM,Waning Crescent,Off,K05 SU,128,0,64,154,100,28,8,P900BD04101741,,4.1.0.20131009,C:\Users\jball\Pictures\RECONYX Images\My Site\SU O11\2022-11-20 13-00-00 T.JPG,,,1,3,,13,4,0,25
2022-11-21 13-00-00 T.JPG,My Site,SU O11,T,11/21/2022,1:00:00 PM,Waning Crescent,Off,K05 SU,128,0,64,154,100,27,8,P900BD04101741,,4.1.0.20131009,C:\Users\jball\Pictures\RECONYX Images\My Site\SU O11\2022-11-21 13-00-00 T.JPG,,,1,2,,13,4,0,25
2022-11-22 13-00-00 T.JPG,My Site,SU O11,T,11/22/2022,1:00:00 PM,New Moon,Off,K05 SU,128,0,64,154,100,19,8,P900BD04101741,,4.1.0.20131009,C:\Users\jball\Pictures\RECONYX Images\My Site\SU O11\2022-11-22 13-00-00 T.JPG,,,1,3,,10,8,0,30
2022-11-23 13-00-00 T.JPG,My Site,SU O11,T,11/23/2022,1:00:00 PM,New Moon,Off,K05 SU,128,0,64,154,100,22,7.9,P900BD04101741,,4.1.0.20131009,C:\Users\jball\Pictures\RECONYX Images\My Site\SU O11\2022-11-23 13-00-00 T.JPG,,,1,2,,10,8,0,30
2022-11-24 13-00-00 T.JPG,My Site,SU O11,T,11/24/2022,1:00:00 PM,New Moon,Off,K05 SU,128,0,64,154,100,14,7.9,P900BD04101741,,4.1.0.20131009,C:\Users\jball\Pictures\RECONYX Images\My Site\SU O11\2022-11-24 13-00-00 T.JPG,,,1,3,,0,5,5,50
2022-11-25 13-00-00 T.JPG,My Site,SU O11,T,11/25/2022,1:00:00 PM,New Moon,Off,K05 SU,128,0,64,154,100,-5,7.9,P900BD04101741,,4.1.0.20131009,C:\Users\jball\Pictures\RECONYX Images\My Site\SU O11\2022-11-25 13-00-00 T.JPG,,,2,7,,0,5,5,50
2022-11-26 13-00-00 T.JPG,My Site,SU O11,T,11/26/2022,1:00:00 PM,Waxing Crescent,Off,K05 SU,128,0,64,154,100,10,7.8,P900BD04101741,,4.1.0.20131009,C:\Users\jball\Pictures\RECONYX Images\My Site\SU O11\2022-11-26 13-00-00 T.JPG,,,2,6,,0,5,5,55
2022-11-27 13-00-00 T.JPG,My Site,SU O11,T,11/27/2022,1:00:00 PM,Waxing Crescent,Off,K05 SU,128,0,64,154,100,6,7.8,P900BD04101741,,4.1.0.20131009,C:\Users\jball\Pictures\RECONYX Images\My Site\SU O11\2022-11-27 13-00-00 T.JPG,,,2,5,,0,5,5,55
2022-11-28 13-00-00 T.JPG,My Site,SU O11,T,11/28/2022,1:00:00 PM,Waxing Crescent,Off,K05 SU,128,0,64,154,100,-11,7.9,P900BD04101741,,4.1.0.20131009,C:\Users\jball\Pictures\RECONYX Images\My Site\SU O11\2022-11-28 13-00-00 T.JPG,,,1,3,,0,5,5,55
2022-11-29 13-00-00 T.JPG,My Site,SU O11,T,11/29/2022,1:00:00 PM,First Quarter,Off,K05 SU,128,0,64,154,100,-9,7.9,P900BD04101741,,4.1.0.20131009,C:\Users\jball\Pictures\RECONYX Images\My Site\SU O11\2022-11-29 13-00-00 T.JPG,,,1,4,,0,5,5,55
2022-11-30 13-00-00 T.JPG,My Site,SU O11,T,11/30/2022,1:00:00 PM,First Quarter,Off,K05 SU,128,0,64,154,100,-24,7.9,P900BD04101741,,4.1.0.20131009,C:\Users\jball\Pictures\RECONYX Images\My Site\SU O11\2022-11-30 13-00-00 T.JPG,,,1,3,,0,5,5,55
2022-12-01 13-00-00 T.JPG,My Site,SU O11,T,12/1/2022,1:00:00 PM,First Quarter,Off,K05 SU,128,0,64,154,100,3,8.1,P900BD04101741,,4.1.0.20131009,C:\Users\jball\Pictures\RECONYX Images\My Site\SU O11\2022-12-01 13-00-00 T.JPG,,,1,3,,0,4,5,55
2022-12-02 13-00-00 T.JPG,My Site,SU O11,T,12/2/2022,1:00:00 PM,First Quarter,Off,K05 SU,128,0,64,154,100,-8,7.9,P900BD04101741,,4.1.0.20131009,C:\Users\jball\Pictures\RECONYX Images\My Site\SU O11\2022-12-02 13-00-00 T.JPG,,,1,2,,0,4,5,55
2022-12-03 13-00-00 T.JPG,My Site,SU O11,T,12/3/2022,1:00:00 PM,Waxing Gibbous,Off,K05 SU,128,0,64,154,100,3,7.9,P900BD04101741,,4.1.0.20131009,C:\Users\jball\Pictures\RECONYX Images\My Site\SU O11\2022-12-03 13-00-00 T.JPG,,,1,2,,0,3,5,50
2022-12-04 13-00-00 T.JPG,My Site,SU O11,T,12/4/2022,1:00:00 PM,Waxing Gibbous,Off,K05 SU,128,0,64,154,100,1,7.8,P900BD04101741,,4.1.0.20131009,C:\Users\jball\Pictures\RECONYX Images\My Site\SU O11\2022-12-04 13-00-00 T.JPG,,,1,2,,0,3,5,50
2022-12-05 13-00-00 T.JPG,My Site,SU O11,T,12/5/2022,1:00:00 PM,Waxing Gibbous,Off,K05 SU,128,0,64,154,100,-1,7.9,P900BD04101741,,4.1.0.20131009,C:\Users\jball\Pictures\RECONYX Images\My Site\SU O11\2022-12-05 13-00-00 T.JPG,,,1,3,,0,3,5,50
2022-12-06 13-00-00 T.JPG,My Site,SU O11,T,12/6/2022,1:00:00 PM,Full Moon,Off,K05 SU,128,0,64,154,100,3,8,P900BD04101741,,4.1.0.20131009,C:\Users\jball\Pictures\RECONYX Images\My Site\SU O11\2022-12-06 13-00-00 T.JPG,,,1,3,,0,3,5,50
2022-12-07 13-00-00 T.JPG,My Site,SU O11,T,12/7/2022,1:00:00 PM,Full Moon,Off,K05 SU,128,0,64,154,100,16,8,P900BD04101741,,4.1.0.20131009,C:\Users\jball\Pictures\RECONYX Images\My Site\SU O11\2022-12-07 13-00-00 T.JPG,,,1,2,,0,3,5,50
2022-12-08 13-00-00 T.JPG,My Site,SU O11,T,12/8/2022,1:00:00 PM,Full Moon,Off,K05 SU,128,0,64,154,100,9,7.9,P900BD04101741,,4.1.0.20131009,C:\Users\jball\Pictures\RECONYX Images\My Site\SU O11\2022-12-08 13-00-00 T.JPG,,,1,3,,0,3,3,50
2022-12-09 13-00-00 T.JPG,My Site,SU O11,T,12/9/2022,1:00:00 PM,Full Moon,Off,K05 SU,128,0,64,154,100,3,7.8,P900BD04101741,,4.1.0.20131009,C:\Users\jball\Pictures\RECONYX Images\My Site\SU O11\2022-12-09 13-00-00 T.JPG,,,1,3,,0,3,3,50
2022-12-10 13-00-00 T.JPG,My Site,SU O11,T,12/10/2022,1:00:00 PM,Waning Gibbous,Off,K05 SU,128,0,64,154,100,-9,7.8,P900BD04101741,,4.1.0.20131009,C:\Users\jball\Pictures\RECONYX Images\My Site\SU O11\2022-12-10 13-00-00 T.JPG,,,1,2,,0,3,3,50
2022-12-11 13-00-00 T.JPG,My Site,SU O11,T,12/11/2022,1:00:00 PM,Waning Gibbous,Off,K05 SU,128,0,64,154,100,-21,8.5,P900BD04101741,,4.1.0.20131009,C:\Users\jball\Pictures\RECONYX Images\My Site\SU O11\2022-12-11 13-00-00 T.JPG,,,2,5,,0,3,3,50
2022-12-12 13-00-00 T.JPG,My Site,SU O11,T,12/12/2022,1:00:00 PM,Waning Gibbous,Off,K05 SU,128,0,64,154,100,24,8.1,P900BD04101741,,4.1.0.20131009,C:\Users\jball\Pictures\RECONYX Images\My Site\SU O11\2022-12-12 13-00-00 T.JPG,,,1,2,,0,4,4,50
2022-12-13 13-00-00 T.JPG,My Site,SU O11,T,12/13/2022,1:00:00 PM,Waning Gibbous,Off,K05 SU,128,0,64,154,100,-11,8.1,P900BD04101741,,4.1.0.20131009,C:\Users\jball\Pictures\RECONYX Images\My Site\SU O11\2022-12-13 13-00-00 T.JPG,,,1,3,,0,4,4,50
2022-12-14 13-00-00 T.JPG,My Site,SU O11,T,12/14/2022,1:00:00 PM,Last Quarter,Off,K05 SU,128,0,64,154,100,14,8.1,P900BD04101741,,4.1.0.20131009,C:\Users\jball\Pictures\RECONYX Images\My Site\SU O11\2022-12-14 13-00-00 T.JPG,,,1,3,,0,4,4,50
2022-12-15 13-00-00 T.JPG,My Site,SU O11,T,12/15/2022,1:00:00 PM,Last Quarter,Off,K05 SU,128,0,64,154,100,14,8.1,P900BD04101741,,4.1.0.20131009,C:\Users\jball\Pictures\RECONYX Images\My Site\SU O11\2022-12-15 13-00-00 T.JPG,,,0,1,,0,4,4,50
2022-12-16 13-00-00 T.JPG,My Site,SU O11,T,12/16/2022,1:00:00 PM,Last Quarter,Off,K05 SU,128,0,64,154,100,-2,8.1,P900BD04101741,,4.1.0.20131009,C:\Users\jball\Pictures\RECONYX Images\My Site\SU O11\2022-12-16 13-00-00 T.JPG,,,1,1,,0,4,4,50
2022-12-17 13-00-00 T.JPG,My Site,SU O11,T,12/17/2022,1:00:00 PM,Last Quarter,Off,K05 SU,128,0,64,154,100,-13,8.1,P900BD04101741,,4.1.0.20131009,C:\Users\jball\Pictures\RECONYX Images\My Site\SU O11\2022-12-17 13-00-00 T.JPG,,,1,1,,0,4,4,50
2022-12-18 13-00-00 T.JPG,My Site,SU O11,T,12/18/2022,1:00:00 PM,Waning Crescent,Off,K05 SU,128,0,64,154,100,-36,8.2,P900BD04101741,,4.1.0.20131009,C:\Users\jball\Pictures\RECONYX Images\My Site\SU O11\2022-12-18 13-00-00 T.JPG,,,1,1,,0,4,4,50
2022-12-19 13-00-00 T.JPG,My Site,SU O11,T,12/19/2022,1:00:00 PM,Waning Crescent,Off,K05 SU,128,0,64,154,100,-39,8.3,P900BD04101741,,4.1.0.20131009,C:\Users\jball\Pictures\RECONYX Images\My Site\SU O11\2022-12-19 13-00-00 T.JPG,,,1,1,,0,4,4,50
2022-12-20 13-00-00 T.JPG,My Site,SU O11,T,12/20/2022,1:00:00 PM,Waning Crescent,Off,K05 SU,128,0,64,154,100,-40,8.2,P900BD04101741,,4.1.0.20131009,C:\Users\jball\Pictures\RECONYX Images\My Site\SU O11\2022-12-20 13-00-00 T.JPG,,,0,1,,0,4,4,50
2022-12-21 13-00-00 T.JPG,My Site,SU O11,T,12/21/2022,1:00:00 PM,New Moon,Off,K05 SU,128,0,64,154,100,-31,8.4,P900BD04101741,,4.1.0.20131009,C:\Users\jball\Pictures\RECONYX Images\My Site\SU O11\2022-12-21 13-00-00 T.JPG,,,1,3,,0,4,4,50
2022-12-22 13-00-00 T.JPG,My Site,SU O11,T,12/22/2022,1:00:00 PM,New Moon,Off,K05 SU,128,0,64,154,100,-31,8.2,P900BD04101741,,4.1.0.20131009,C:\Users\jball\Pictures\RECONYX Images\My Site\SU O11\2022-12-22 13-00-00 T.JPG,,,1,3,,0,4,4,50
2022-12-23 13-00-00 T.JPG,My Site,SU O11,T,12/23/2022,1:00:00 PM,New Moon,Off,K05 SU,128,0,64,154,100,-27,8.3,P900BD04101741,,4.1.0.20131009,C:\Users\jball\Pictures\RECONYX Images\My Site\SU O11\2022-12-23 13-00-00 T.JPG,,,1,3,,0,4,4,50
2022-12-24 13-00-00 T.JPG,My Site,SU O11,T,12/24/2022,1:00:00 PM,New Moon,Off,K05 SU,128,0,64,154,100,-26,8.1,P900BD04101741,,4.1.0.20131009,C:\Users\jball\Pictures\RECONYX Images\My Site\SU O11\2022-12-24 13-00-00 T.JPG,,,2,4,,0,4,4,50
2022-12-25 13-00-00 T.JPG,My Site,SU O11,T,12/25/2022,1:00:00 PM,Waxing Crescent,Off,K05 SU,128,0,64,154,100,-14,8.3,P900BD04101741,,4.1.0.20131009,C:\Users\jball\Pictures\RECONYX Images\My Site\SU O11\2022-12-25 13-00-00 T.JPG,,,1,2,,0,4,4,50
2022-12-26 13-00-00 T.JPG,My Site,SU O11,T,12/26/2022,1:00:00 PM,Waxing Crescent,Off,K05 SU,128,0,64,154,100,-8,8.1,P900BD04101741,,4.1.0.20131009,C:\Users\jball\Pictures\RECONYX Images\My Site\SU O11\2022-12-26 13-00-00 T.JPG,,,2,4,,0,2,2,60
2022-12-27 13-00-00 T.JPG,My Site,SU O11,T,12/27/2022,1:00:00 PM,Waxing Crescent,Off,K05 SU,128,0,64,154,100,-7,8,P900BD04101741,,4.1.0.20131009,C:\Users\jball\Pictures\RECONYX Images\My Site\SU O11\2022-12-27 13-00-00 T.JPG,,,1,3,,0,2,2,60
2022-12-28 13-00-00 T.JPG,My Site,SU O11,T,12/28/2022,1:00:00 PM,Waxing Crescent,Off,K05 SU,128,0,64,154,100,8,8.2,P900BD04101741,,4.1.0.20131009,C:\Users\jball\Pictures\RECONYX Images\My Site\SU O11\2022-12-28 13-00-00 T.JPG,,,1,3,,0,2,2,60
2022-12-29 13-00-00 T.JPG,My Site,SU O11,T,12/29/2022,1:00:00 PM,First Quarter,Off,K05 SU,128,0,64,154,100,0,8.2,P900BD04101741,,4.1.0.20131009,C:\Users\jball\Pictures\RECONYX Images\My Site\SU O11\2022-12-29 13-00-00 T.JPG,,,1,2,,0,2,2,60
2022-12-30 13-00-00 T.JPG,My Site,SU O11,T,12/30/2022,1:00:00 PM,First Quarter,Off,K05 SU,128,0,64,154,100,-7,8.1,P900BD04101741,,4.1.0.20131009,C:\Users\jball\Pictures\RECONYX Images\My Site\SU O11\2022-12-30 13-00-00 T.JPG,,,1,3,,0,2,2,60
2022-12-31 13-00-00 T.JPG,My Site,SU O11,T,12/31/2022,1:00:00 PM,First Quarter,Off,K05 SU,128,0,64,154,100,-1,8.2,P900BD04101741,,4.1.0.20131009,C:\Users\jball\Pictures\RECONYX Images\My Site\SU O11\2022-12-31 13-00-00 T.JPG,,,3,8,,0,2,2,60
2023-01-01 13-00-00 T.JPG,My Site,SU O11,T,1/1/2023,1:00:00 PM,Waxing Gibbous,Off,K05 SU,128,0,64,154,100,20,8.1,P900BD04101741,,4.1.0.20131009,C:\Users\jball\Pictures\RECONYX Images\My Site\SU O11\2023-01-01 13-00-00 T.JPG,,,1,2,,0,2,2,60
2023-01-02 13-00-00 T.JPG,My Site,SU O11,T,1/2/2023,1:00:00 PM,Waxing Gibbous,Off,K05 SU,128,0,64,154,100,21,7.9,P900BD04101741,,4.1.0.20131009,C:\Users\jball\Pictures\RECONYX Images\My Site\SU O11\2023-01-02 13-00-00 T.JPG,,,1,2,,0,2,2,60
2023-01-03 13-00-00 T.JPG,My Site,SU O11,T,1/3/2023,1:00:00 PM,Waxing Gibbous,Off,K05 SU,128,0,64,154,100,5,7.8,P900BD04101741,,4.1.0.20131009,C:\Users\jball\Pictures\RECONYX Images\My Site\SU O11\2023-01-03 13-00-00 T.JPG,,,1,2,,0,2,2,60
2023-01-04 13-00-00 T.JPG,My Site,SU O11,T,1/4/2023,1:00:00 PM,Waxing Gibbous,Off,K05 SU,128,0,64,154,100,1,8,P900BD04101741,,4.1.0.20131009,C:\Users\jball\Pictures\RECONYX Images\My Site\SU O11\2023-01-04 13-00-00 T.JPG,,,1,3,,0,2,2,60
2023-01-05 13-00-00 T.JPG,My Site,SU O11,T,1/5/2023,1:00:00 PM,Full Moon,Off,K05 SU,128,0,64,154,100,1,7.9,P900BD04101741,,4.1.0.20131009,C:\Users\jball\Pictures\RECONYX Images\My Site\SU O11\2023-01-05 13-00-00 T.JPG,,,1,2,,0,2,2,60
2023-01-06 13-00-00 T.JPG,My Site,SU O11,T,1/6/2023,1:00:00 PM,Full Moon,Off,K05 SU,128,0,64,154,100,7,7.9,P900BD04101741,,4.1.0.20131009,C:\Users\jball\Pictures\RECONYX Images\My Site\SU O11\2023-01-06 13-00-00 T.JPG,,,1,3,,0,2,2,60
2023-01-07 13-00-00 T.JPG,My Site,SU O11,T,1/7/2023,1:00:00 PM,Full Moon,Off,K05 SU,128,0,64,154,100,6,7.9,P900BD04101741,,4.1.0.20131009,C:\Users\jball\Pictures\RECONYX Images\My Site\SU O11\2023-01-07 13-00-00 T.JPG,,,1,3,,0,2,2,60
2023-01-08 13-00-00 T.JPG,My Site,SU O11,T,1/8/2023,1:00:00 PM,Full Moon,Off,K05 SU,128,0,64,154,100,-2,8,P900BD04101741,,4.1.0.20131009,C:\Users\jball\Pictures\RECONYX Images\My Site\SU O11\2023-01-08 13-00-00 T.JPG,,,0,2,,0,2,2,60
2023-01-09 13-00-00 T.JPG,My Site,SU O11,T,1/9/2023,1:00:00 PM,Waning Gibbous,Off,K05 SU,128,0,64,154,100,1,7.9,P900BD04101741,,4.1.0.20131009,C:\Users\jball\Pictures\RECONYX Images\My Site\SU O11\2023-01-09 13-00-00 T.JPG,,,1,4,,0,2,2,60
2023-01-10 13-00-00 T.JPG,My Site,SU O11,T,1/10/2023,1:00:00 PM,Waning Gibbous,Off,K05 SU,128,0,64,154,100,0,8,P900BD04101741,,4.1.0.20131009,C:\Users\jball\Pictures\RECONYX Images\My Site\SU O11\2023-01-10 13-00-00 T.JPG,,,1,3,,0,2,2,60
2023-01-11 13-00-00 T.JPG,My Site,SU O11,T,1/11/2023,1:00:00 PM,Waning Gibbous,Off,K05 SU,128,0,64,154,100,-5,8,P900BD04101741,,4.1.0.20131009,C:\Users\jball\Pictures\RECONYX Images\My Site\SU O11\2023-01-11 13-00-00 T.JPG,,,2,4,,0,2,2,60
2023-01-12 13-00-00 T.JPG,My Site,SU O11,T,1/12/2023,1:00:00 PM,Last Quarter,Off,K05 SU,128,0,64,154,100,4,8,P900BD04101741,,4.1.0.20131009,C:\Users\jball\Pictures\RECONYX Images\My Site\SU O11\2023-01-12 13-00-00 T.JPG,,,1,2,,0,2,2,60
2023-01-13 13-00-00 T.JPG,My Site,SU O11,T,1/13/2023,1:00:00 PM,Last Quarter,Off,K05 SU,128,0,64,154,100,5,7.9,P900BD04101741,,4.1.0.20131009,C:\Users\jball\Pictures\RECONYX Images\My Site\SU O11\2023-01-13 13-00-00 T.JPG,,,1,3,,0,2,2,60
2023-01-14 13-00-00 T.JPG,My Site,SU O11,T,1/14/2023,1:00:00 PM,Last Quarter,Off,K05 SU,128,0,64,154,100,6,8,P900BD04101741,,4.1.0.20131009,C:\Users\jball\Pictures\RECONYX Images\My Site\SU O11\2023-01-14 13-00-00 T.JPG,,,1,4,,0,2,2,60
2023-01-15 13-00-00 T.JPG,My Site,SU O11,T,1/15/2023,1:00:00 PM,Last Quarter,Off,K05 SU,128,0,64,154,100,8,7.9,P900BD04101741,,4.1.0.20131009,C:\Users\jball\Pictures\RECONYX Images\My Site\SU O11\2023-01-15 13-00-00 T.JPG,,,1,3,,0,2,2,60
2023-01-16 13-00-00 T.JPG,My Site,SU O11,T,1/16/2023,1:00:00 PM,Waning Crescent,Off,K05 SU,128,0,64,154,100,8,7.8,P900BD04101741,,4.1.0.20131009,C:\Users\jball\Pictures\RECONYX Images\My Site\SU O11\2023-01-16 13-00-00 T.JPG,,,1,3,,0,2,2,60
2023-01-17 13-00-00 T.JPG,My Site,SU O11,T,1/17/2023,1:00:00 PM,Waning Crescent,Off,K05 SU,128,0,64,154,100,5,9.5,P900BD04101741,,4.1.0.20131009,C:\Users\jball\Pictures\RECONYX Images\My Site\SU O11\2023-01-17 13-00-00 T.JPG,,,1,3,,0,2,2,60
2023-01-18 13-00-00 T.JPG,My Site,SU O11,T,1/18/2023,1:00:00 PM,Waning Crescent,Off,K05 SU,128,0,64,154,100,13,9.2,P900BD04101741,,4.1.0.20131009,C:\Users\jball\Pictures\RECONYX Images\My Site\SU O11\2023-01-18 13-00-00 T.JPG,,,1,3,,0,2,2,60
2023-01-19 13-00-00 T.JPG,My Site,SU O11,T,1/19/2023,1:00:00 PM,Waning Crescent,Off,K05 SU,128,0,64,154,100,16,9.1,P900BD04101741,,4.1.0.20131009,C:\Users\jball\Pictures\RECONYX Images\My Site\SU O11\2023-01-19 13-00-00 T.JPG,,,1,4,,0,2,2,60
2023-01-20 13-00-00 T.JPG,My Site,SU O11,T,1/20/2023,1:00:00 PM,New Moon,Off,K05 SU,128,0,64,154,100,21,8.7,P900BD04101741,,4.1.0.20131009,C:\Users\jball\Pictures\RECONYX Images\My Site\SU O11\2023-01-20 13-00-00 T.JPG,,,1,4,,0,2,2,60
2023-01-21 13-00-00 T.JPG,My Site,SU O11,T,1/21/2023,1:00:00 PM,New Moon,Off,K05 SU,128,0,64,154,100,17,8.6,P900BD04101741,,4.1.0.20131009,C:\Users\jball\Pictures\RECONYX Images\My Site\SU O11\2023-01-21 13-00-00 T.JPG,,,2,5,,0,2,2,60
2023-01-22 13-00-00 T.JPG,My Site,SU O11,T,1/22/2023,1:00:00 PM,New Moon,Off,K05 SU,128,0,64,154,100,17,8.5,P900BD04101741,,4.1.0.20131009,C:\Users\jball\Pictures\RECONYX Images\My Site\SU O11\2023-01-22 13-00-00 T.JPG,,,1,3,,0,2,2,60
2023-01-23 13-00-00 T.JPG,My Site,SU O11,T,1/23/2023,1:00:00 PM,Waxing Crescent,Off,K05 SU,128,0,64,154,100,22,8.5,P900BD04101741,,4.1.0.20131009,C:\Users\jball\Pictures\RECONYX Images\My Site\SU O11\2023-01-23 13-00-00 T.JPG,,,1,4,,0,2,2,60
2023-01-24 13-00-00 T.JPG,My Site,SU O11,T,1/24/2023,1:00:00 PM,Waxing Crescent,Off,K05 SU,128,0,64,154,100,25,8.4,P900BD04101741,,4.1.0.20131009,C:\Users\jball\Pictures\RECONYX Images\My Site\SU O11\2023-01-24 13-00-00 T.JPG,,,3,10,,0,2,2,60
2023-01-25 13-00-00 T.JPG,My Site,SU O11,T,1/25/2023,1:00:00 PM,Waxing Crescent,Off,K05 SU,128,0,64,154,100,28,8.5,P900BD04101741,,4.1.0.20131009,C:\Users\jball\Pictures\RECONYX Images\My Site\SU O11\2023-01-25 13-00-00 T.JPG,,,1,3,,0,1,1,60
2023-01-26 13-00-00 T.JPG,My Site,SU O11,T,1/26/2023,1:00:00 PM,Waxing Crescent,Off,K05 SU,128,0,64,154,100,22,8.6,P900BD04101741,,4.1.0.20131009,C:\Users\jball\Pictures\RECONYX Images\My Site\SU O11\2023-01-26 13-00-00 T.JPG,,,2,5,,0,3,0,60
2023-01-27 13-00-00 T.JPG,My Site,SU O11,T,1/27/2023,1:00:00 PM,First Quarter,Off,K05 SU,128,0,64,154,100,14,8.5,P900BD04101741,,4.1.0.20131009,C:\Users\jball\Pictures\RECONYX Images\My Site\SU O11\2023-01-27 13-00-00 T.JPG,,,2,5,,0,3,0,60
2023-01-28 13-00-00 T.JPG,My Site,SU O11,T,1/28/2023,1:00:00 PM,First Quarter,Off,K05 SU,128,0,64,154,100,2,8.5,P900BD04101741,,4.1.0.20131009,C:\Users\jball\Pictures\RECONYX Images\My Site\SU O11\2023-01-28 13-00-00 T.JPG,,,2,5,,0,3,0,60
2023-01-29 13-00-00 T.JPG,My Site,SU O11,T,1/29/2023,1:00:00 PM,First Quarter,Off,K05 SU,128,0,64,154,100,-1,8.4,P900BD04101741,,4.1.0.20131009,C:\Users\jball\Pictures\RECONYX Images\My Site\SU O11\2023-01-29 13-00-00 T.JPG,,,1,3,,0,3,0,60
2023-01-30 13-00-00 T.JPG,My Site,SU O11,T,1/30/2023,1:00:00 PM,First Quarter,Off,K05 SU,128,0,64,154,100,8,8.5,P900BD04101741,,4.1.0.20131009,C:\Users\jball\Pictures\RECONYX Images\My Site\SU O11\2023-01-30 13-00-00 T.JPG,,,2,5,,0,3,0,60
2023-01-31 13-00-00 T.JPG,My Site,SU O11,T,1/31/2023,1:00:00 PM,Waxing Gibbous,Off,K05 SU,128,0,64,154,100,16,8.5,P900BD04101741,,4.1.0.20131009,C:\Users\jball\Pictures\RECONYX Images\My Site\SU O11\2023-01-31 13-00-00 T.JPG,,,2,7,,0,3,0,60
2023-02-01 13-00-00 T.JPG,My Site,SU O11,T,2/1/2023,1:00:00 PM,Waxing Gibbous,Off,K05 SU,128,0,64,154,100,9,8.5,P900BD04101741,,4.1.0.20131009,C:\Users\jball\Pictures\RECONYX Images\My Site\SU O11\2023-02-01 13-00-00 T.JPG,,,2,6,,0,3,0,60
2023-02-02 13-00-00 T.JPG,My Site,SU O11,T,2/2/2023,1:00:00 PM,Waxing Gibbous,Off,K05 SU,128,0,64,154,100,5,8.6,P900BD04101741,,4.1.0.20131009,C:\Users\jball\Pictures\RECONYX Images\My Site\SU O11\2023-02-02 13-00-00 T.JPG,,,1,3,,0,3,0,60
2023-02-03 13-00-00 T.JPG,My Site,SU O11,T,2/3/2023,1:00:00 PM,Full Moon,Off,K05 SU,128,0,64,154,100,5,8.5,P900BD04101741,,4.1.0.20131009,C:\Users\jball\Pictures\RECONYX Images\My Site\SU O11\2023-02-03 13-00-00 T.JPG,,,2,7,,0,3,0,60
2023-02-04 13-00-00 T.JPG,My Site,SU O11,T,2/4/2023,1:00:00 PM,Full Moon,Off,K05 SU,128,0,64,154,100,9,8.4,P900BD04101741,,4.1.0.20131009,C:\Users\jball\Pictures\RECONYX Images\My Site\SU O11\2023-02-04 13-00-00 T.JPG,,,3,10,,0,3,0,60
2023-02-05 13-00-00 T.JPG,My Site,SU O11,T,2/5/2023,1:00:00 PM,Full Moon,Off,K05 SU,128,0,64,154,100,5,8.4,P900BD04101741,,4.1.0.20131009,C:\Users\jball\Pictures\RECONYX Images\My Site\SU O11\2023-02-05 13-00-00 T.JPG,,,4,10,,0,3,0,60
2023-02-06 13-00-00 T.JPG,My Site,SU O11,T,2/6/2023,1:00:00 PM,Full Moon,Off,K05 SU,128,0,64,154,100,20,8.5,P900BD04101741,,4.1.0.20131009,C:\Users\jball\Pictures\RECONYX Images\My Site\SU O11\2023-02-06 13-00-00 T.JPG,,,1,3,,0,3,0,60
2023-02-07 13-00-00 T.JPG,My Site,SU O11,T,2/7/2023,1:00:00 PM,Waning Gibbous,Off,K05 SU,128,0,64,154,100,20,8.5,P900BD04101741,,4.1.0.20131009,C:\Users\jball\Pictures\RECONYX Images\My Site\SU O11\2023-02-07 13-00-00 T.JPG,,,2,7,,0,3,0,60
2023-02-08 13-00-00 T.JPG,My Site,SU O11,T,2/8/2023,1:00:00 PM,Waning Gibbous,Off,K05 SU,128,0,64,154,100,9,8.5,P900BD04101741,,4.1.0.20131009,C:\Users\jball\Pictures\RECONYX Images\My Site\SU O11\2023-02-08 13-00-00 T.JPG,,,1,3,,0,3,0,60
2023-02-09 13-00-00 T.JPG,My Site,SU O11,T,2/9/2023,1:00:00 PM,Waning Gibbous,Off,K05 SU,128,0,64,154,100,5,8.4,P900BD04101741,,4.1.0.20131009,C:\Users\jball\Pictures\RECONYX Images\My Site\SU O11\2023-02-09 13-00-00 T.JPG,,,2,6,,0,3,0,60
2023-02-10 13-00-00 T.JPG,My Site,SU O11,T,2/10/2023,1:00:00 PM,Waning Gibbous,Off,K05 SU,128,0,64,154,100,-11,8.5,P900BD04101741,,4.1.0.20131009,C:\Users\jball\Pictures\RECONYX Images\My Site\SU O11\2023-02-10 13-00-00 T.JPG,,,1,4,,0,3,0,60
2023-02-11 13-00-00 T.JPG,My Site,SU O11,T,2/11/2023,1:00:00 PM,Last Quarter,Off,K05 SU,128,0,64,154,100,15,8.3,P900BD04101741,,4.1.0.20131009,C:\Users\jball\Pictures\RECONYX Images\My Site\SU O11\2023-02-11 13-00-00 T.JPG,,,2,7,,0,3,0,60
2023-02-12 13-00-00 T.JPG,My Site,SU O11,T,2/12/2023,1:00:00 PM,Last Quarter,Off,K05 SU,128,0,64,154,100,22,8.5,P900BD04101741,,4.1.0.20131009,C:\Users\jball\Pictures\RECONYX Images\My Site\SU O11\2023-02-12 13-00-00 T.JPG,,,4,12,,0,3,0,60
2023-02-13 13-00-00 T.JPG,My Site,SU O11,T,2/13/2023,1:00:00 PM,Last Quarter,Off,K05 SU,128,0,64,154,100,3,8.5,P900BD04101741,,4.1.0.20131009,C:\Users\jball\Pictures\RECONYX Images\My Site\SU O11\2023-02-13 13-00-00 T.JPG,,,4,12,,0,3,0,60
2023-02-14 13-00-00 T.JPG,My Site,SU O11,T,2/14/2023,1:00:00 PM,Last Quarter,Off,K05 SU,128,0,64,154,100,-2,8.5,P900BD04101741,,4.1.0.20131009,C:\Users\jball\Pictures\RECONYX Images\My Site\SU O11\2023-02-14 13-00-00 T.JPG,,,4,11,,0,3,0,60
2023-02-15 13-00-00 T.JPG,My Site,SU O11,T,2/15/2023,1:00:00 PM,Waning Crescent,Off,K05 SU,128,0,64,154,100,10,8.3,P900BD04101741,,4.1.0.20131009,C:\Users\jball\Pictures\RECONYX Images\My Site\SU O11\2023-02-15 13-00-00 T.JPG,,,3,10,,0,3,0,60
2023-02-16 13-00-00 T.JPG,My Site,SU O11,T,2/16/2023,1:00:00 PM,Waning Crescent,Off,K05 SU,128,0,64,154,100,-8,8.3,P900BD04101741,,4.1.0.20131009,C:\Users\jball\Pictures\RECONYX Images\My Site\SU O11\2023-02-16 13-00-00 T.JPG,,,2,5,,0,3,0,60
2023-02-17 13-00-00 T.JPG,My Site,SU O11,T,2/17/2023,1:00:00 PM,Waning Crescent,Off,K05 SU,128,0,64,154,100,4,8.3,P900BD04101741,,4.1.0.20131009,C:\Users\jball\Pictures\RECONYX Images\My Site\SU O11\2023-02-17 13-00-00 T.JPG,,,4,12,,0,3,0,60
2023-02-18 13-00-00 T.JPG,My Site,SU O11,T,2/18/2023,1:00:00 PM,New Moon,Off,K05 SU,128,0,64,154,100,9,8.4,P900BD04101741,,4.1.0.20131009,C:\Users\jball\Pictures\RECONYX Images\My Site\SU O11\2023-02-18 13-00-00 T.JPG,,,2,7,,0,3,0,60
2023-02-19 13-00-00 T.JPG,My Site,SU O11,T,2/19/2023,1:00:00 PM,New Moon,Off,K05 SU,128,0,64,154,100,15,8.4,P900BD04101741,,4.1.0.20131009,C:\Users\jball\Pictures\RECONYX Images\My Site\SU O11\2023-02-19 13-00-00 T.JPG,,,5,16,,0,3,0,60
2023-02-20 13-00-00 T.JPG,My Site,SU O11,T,2/20/2023,1:00:00 PM,New Moon,Off,K05 SU,128,0,64,154,100,10,8.4,P900BD04101741,,4.1.0.20131009,C:\Users\jball\Pictures\RECONYX Images\My Site\SU O11\2023-02-20 13-00-00 T.JPG,,,3,10,,0,3,0,60
2023-02-21 13-00-00 T.JPG,My Site,SU O11,T,2/21/2023,1:00:00 PM,New Moon,Off,K05 SU,128,0,64,154,100,7,8.3,P900BD04101741,,4.1.0.20131009,C:\Users\jball\Pictures\RECONYX Images\My Site\SU O11\2023-02-21 13-00-00 T.JPG,,,4,12,,0,3,0,60
2023-02-22 13-00-00 T.JPG,My Site,SU O11,T,2/22/2023,1:00:00 PM,Waxing Crescent,Off,K05 SU,128,0,64,154,100,-7,8.4,P900BD04101741,,4.1.0.20131009,C:\Users\jball\Pictures\RECONYX Images\My Site\SU O11\2023-02-22 13-00-00 T.JPG,,,2,7,,0,3,0,60
2023-02-23 13-00-00 T.JPG,My Site,SU O11,T,2/23/2023,1:00:00 PM,Waxing Crescent,Off,K05 SU,128,0,64,154,100,-1,8.4,P900BD04101741,,4.1.0.20131009,C:\Users\jball\Pictures\RECONYX Images\My Site\SU O11\2023-02-23 13-00-00 T.JPG,,,5,15,,0,3,0,60
2023-02-24 13-00-00 T.JPG,My Site,SU O11,T,2/24/2023,1:00:00 PM,Waxing Crescent,Off,K05 SU,128,0,64,154,100,12,8.4,P900BD04101741,,4.1.0.20131009,C:\Users\jball\Pictures\RECONYX Images\My Site\SU O11\2023-02-24 13-00-00 T.JPG,,,5,15,,0,3,0,60
2023-02-25 13-00-00 T.JPG,My Site,SU O11,T,2/25/2023,1:00:00 PM,First Quarter,Off,K05 SU,128,0,64,154,100,10,8.3,P900BD04101741,,4.1.0.20131009,C:\Users\jball\Pictures\RECONYX Images\My Site\SU O11\2023-02-25 13-00-00 T.JPG,,,5,17,,0,3,1,70
2023-02-26 13-00-00 T.JPG,My Site,SU O11,T,2/26/2023,1:00:00 PM,First Quarter,Off,K05 SU,128,0,64,154,100,-2,8.4,P900BD04101741,,4.1.0.20131009,C:\Users\jball\Pictures\RECONYX Images\My Site\SU O11\2023-02-26 13-00-00 T.JPG,,,3,10,,0,3,1,70
2023-02-27 13-00-00 T.JPG,My Site,SU O11,T,2/27/2023,1:00:00 PM,First Quarter,Off,K05 SU,128,0,64,154,100,-8,8.3,P900BD04101741,,4.1.0.20131009,C:\Users\jball\Pictures\RECONYX Images\My Site\SU O11\2023-02-27 13-00-00 T.JPG,,,4,13,,0,3,1,70
2023-02-28 13-00-00 T.JPG,My Site,SU O11,T,2/28/2023,1:00:00 PM,First Quarter,Off,K05 SU,128,0,64,154,100,-13,8.5,P900BD04101741,,4.1.0.20131009,C:\Users\jball\Pictures\RECONYX Images\My Site\SU O11\2023-02-28 13-00-00 T.JPG,,,5,14,,0,3,1,70
2023-03-01 13-00-00 T.JPG,My Site,SU O11,T,3/1/2023,1:00:00 PM,Waxing Gibbous,Off,K05 SU,128,0,64,154,100,10,8.5,P900BD04101741,,4.1.0.20131009,C:\Users\jball\Pictures\RECONYX Images\My Site\SU O11\2023-03-01 13-00-00 T.JPG,,,6,20,,0,3,1,70
2023-03-02 13-00-00 T.JPG,My Site,SU O11,T,3/2/2023,1:00:00 PM,Waxing Gibbous,Off,K05 SU,128,0,64,154,100,2,8.4,P900BD04101741,,4.1.0.20131009,C:\Users\jball\Pictures\RECONYX Images\My Site\SU O11\2023-03-02 13-00-00 T.JPG,,,8,24,,0,3,1,70
2023-03-03 13-00-00 T.JPG,My Site,SU O11,T,3/3/2023,1:00:00 PM,Waxing Gibbous,Off,K05 SU,128,0,64,154,100,4,8.5,P900BD04101741,,4.1.0.20131009,C:\Users\jball\Pictures\RECONYX Images\My Site\SU O11\2023-03-03 13-00-00 T.JPG,,,5,16,,0,3,1,70
2023-03-04 13-00-00 T.JPG,My Site,SU O11,T,3/4/2023,1:00:00 PM,Waxing Gibbous,Off,K05 SU,128,0,64,154,100,-6,8.5,P900BD04101741,,4.1.0.20131009,C:\Users\jball\Pictures\RECONYX Images\My Site\SU O11\2023-03-04 13-00-00 T.JPG,,,5,16,,0,3,1,70
2023-03-05 13-00-00 T.JPG,My Site,SU O11,T,3/5/2023,1:00:00 PM,Full Moon,Off,K05 SU,128,0,64,154,100,-8,8.5,P900BD04101741,,4.1.0.20131009,C:\Users\jball\Pictures\RECONYX Images\My Site\SU O11\2023-03-05 13-00-00 T.JPG,,,7,20,,0,3,1,70
2023-03-06 13-00-00 T.JPG,My Site,SU O11,T,3/6/2023,1:00:00 PM,Full Moon,Off,K05 SU,128,0,64,154,100,9,8.4,P900BD04101741,,4.1.0.20131009,C:\Users\jball\Pictures\RECONYX Images\My Site\SU O11\2023-03-06 13-00-00 T.JPG,,,8,24,,0,1,1,90
2023-03-07 13-00-00 T.JPG,My Site,SU O11,T,3/7/2023,1:00:00 PM,Full Moon,Off,K05 SU,128,0,64,154,100,20,8.4,P900BD04101741,,4.1.0.20131009,C:\Users\jball\Pictures\RECONYX Images\My Site\SU O11\2023-03-07 13-00-00 T.JPG,,,6,20,,0,1,1,90
2023-03-08 13-00-00 T.JPG,My Site,SU O11,T,3/8/2023,1:00:00 PM,Full Moon,Off,K05 SU,128,0,64,154,100,10,8.4,P900BD04101741,,4.1.0.20131009,C:\Users\jball\Pictures\RECONYX Images\My Site\SU O11\2023-03-08 13-00-00 T.JPG,,,6,20,,0,1,1,90
2023-03-09 13-00-00 T.JPG,My Site,SU O11,T,3/9/2023,1:00:00 PM,Waning Gibbous,Off,K05 SU,128,0,64,154,100,19,8.3,P900BD04101741,,4.1.0.20131009,C:\Users\jball\Pictures\RECONYX Images\My Site\SU O11\2023-03-09 13-00-00 T.JPG,,,8,26,,0,1,1,90
2023-03-10 13-00-00 T.JPG,My Site,SU O11,T,3/10/2023,1:00:00 PM,Waning Gibbous,Off,K05 SU,128,0,64,154,100,13,8.4,P900BD04101741,,4.1.0.20131009,C:\Users\jball\Pictures\RECONYX Images\My Site\SU O11\2023-03-10 13-00-00 T.JPG,,,7,21,,0,1,1,90
2023-03-11 13-00-00 T.JPG,My Site,SU O11,T,3/11/2023,1:00:00 PM,Waning Gibbous,Off,K05 SU,128,0,64,154,100,8,8.4,P900BD04101741,,4.1.0.20131009,C:\Users\jball\Pictures\RECONYX Images\My Site\SU O11\2023-03-11 13-00-00 T.JPG,,,8,25,,0,1,1,80
2023-03-12 13-00-00 T.JPG,My Site,SU O11,T,3/12/2023,1:00:00 PM,Last Quarter,Off,K05 SU,128,0,64,154,100,0,8.4,P900BD04101741,,4.1.0.20131009,C:\Users\jball\Pictures\RECONYX Images\My Site\SU O11\2023-03-12 13-00-00 T.JPG,,,9,28,,0,1,1,80
2023-03-13 13-00-00 T.JPG,My Site,SU O11,T,3/13/2023,1:00:00 PM,Last Quarter,Off,K05 SU,128,0,64,154,100,2,8.4,P900BD04101741,,4.1.0.20131009,C:\Users\jball\Pictures\RECONYX Images\My Site\SU O11\2023-03-13 13-00-00 T.JPG,,,10,32,,0,1,1,80
2023-03-14 13-00-00 T.JPG,My Site,SU O11,T,3/14/2023,1:00:00 PM,Last Quarter,Off,K05 SU,128,0,64,154,100,-5,8.4,P900BD04101741,,4.1.0.20131009,C:\Users\jball\Pictures\RECONYX Images\My Site\SU O11\2023-03-14 13-00-00 T.JPG,,,11,33,,0,1,1,80
2023-03-15 13-00-00 T.JPG,My Site,SU O11,T,3/15/2023,1:00:00 PM,Last Quarter,Off,K05 SU,128,0,64,154,100,1,8.6,P900BD04101741,,4.1.0.20131009,C:\Users\jball\Pictures\RECONYX Images\My Site\SU O11\2023-03-15 13-00-00 T.JPG,,,11,35,,0,1,1,80
2023-03-16 13-00-00 T.JPG,My Site,SU O11,T,3/16/2023,1:00:00 PM,Waning Crescent,Off,K05 SU,128,0,64,154,100,15,8.4,P900BD04101741,,4.1.0.20131009,C:\Users\jball\Pictures\RECONYX Images\My Site\SU O11\2023-03-16 13-00-00 T.JPG,,,3,10,,0,1,1,80
2023-03-17 13-00-00 T.JPG,My Site,SU O11,T,3/17/2023,1:00:00 PM,Waning Crescent,Off,K05 SU,128,0,64,154,100,32,8.3,P900BD04101741,,4.1.0.20131009,C:\Users\jball\Pictures\RECONYX Images\My Site\SU O11\2023-03-17 13-00-00 T.JPG,,,16,51,,0,1,1,80
2023-03-18 13-00-00 T.JPG,My Site,SU O11,T,3/18/2023,1:00:00 PM,Waning Crescent,Off,K05 SU,128,0,64,154,100,28,8.3,P900BD04101741,,4.1.0.20131009,C:\Users\jball\Pictures\RECONYX Images\My Site\SU O11\2023-03-18 13-00-00 T.JPG,,,9,30,,0,1,1,70
2023-03-19 13-00-00 T.JPG,My Site,SU O11,T,3/19/2023,1:00:00 PM,Waning Crescent,Off,K05 SU,128,0,64,154,100,32,8.4,P900BD04101741,,4.1.0.20131009,C:\Users\jball\Pictures\RECONYX Images\My Site\SU O11\2023-03-19 13-00-00 T.JPG,,,14,44,,0,1,1,70
2023-03-20 13-00-00 T.JPG,My Site,SU O11,T,3/20/2023,1:00:00 PM,New Moon,Off,K05 SU,128,0,64,154,100,29,8.3,P900BD04101741,,4.1.0.20131009,C:\Users\jball\Pictures\RECONYX Images\My Site\SU O11\2023-03-20 13-00-00 T.JPG,,,23,70,,0,1,1,70
2023-03-21 13-00-00 T.JPG,My Site,SU O11,T,3/21/2023,1:00:00 PM,New Moon,Off,K05 SU,128,0,64,154,100,26,8.2,P900BD04101741,,4.1.0.20131009,C:\Users\jball\Pictures\RECONYX Images\My Site\SU O11\2023-03-21 13-00-00 T.JPG,,,10,32,,0,1,1,70
2023-03-22 13-00-00 T.JPG,My Site,SU O11,T,3/22/2023,1:00:00 PM,New Moon,Off,K05 SU,128,0,64,154,100,24,8.3,P900BD04101741,,4.1.0.20131009,C:\Users\jball\Pictures\RECONYX Images\My Site\SU O11\2023-03-22 13-00-00 T.JPG,,,12,39,,0,1,1,70
2023-03-23 13-00-00 T.JPG,My Site,SU O11,T,3/23/2023,1:00:00 PM,Waxing Crescent,Off,K05 SU,128,0,64,154,100,30,8.3,P900BD04101741,,4.1.0.20131009,C:\Users\jball\Pictures\RECONYX Images\My Site\SU O11\2023-03-23 13-00-00 T.JPG,,,14,47,,0,1,1,70
2023-03-24 13-00-00 T.JPG,My Site,SU O11,T,3/24/2023,1:00:00 PM,Waxing Crescent,Off,K05 SU,128,0,64,154,100,28,8.4,P900BD04101741,,4.1.0.20131009,C:\Users\jball\Pictures\RECONYX Images\My Site\SU O11\2023-03-24 13-00-00 T.JPG,,,8,26,,0,1,1,70
2023-03-25 13-00-00 T.JPG,My Site,SU O11,T,3/25/2023,1:00:00 PM,Waxing Crescent,Off,K05 SU,128,0,64,154,100,17,8.3,P900BD04101741,,4.1.0.20131009,C:\Users\jball\Pictures\RECONYX Images\My Site\SU O11\2023-03-25 13-00-00 T.JPG,,,14,44,,0,1,1,70
2023-03-26 13-00-00 T.JPG,My Site,SU O11,T,3/26/2023,1:00:00 PM,Waxing Crescent,Off,K05 SU,128,0,64,154,100,10,8.3,P900BD04101741,,4.1.0.20131009,C:\Users\jball\Pictures\RECONYX Images\My Site\SU O11\2023-03-26 13-00-00 T.JPG,,,16,50,,0,1,1,70
2023-03-27 13-00-00 T.JPG,My Site,SU O11,T,3/27/2023,1:00:00 PM,First Quarter,Off,K05 SU,128,0,64,154,100,19,8.3,P900BD04101741,,4.1.0.20131009,C:\Users\jball\Pictures\RECONYX Images\My Site\SU O11\2023-03-27 13-00-00 T.JPG,,,16,52,,0,1,1,70
2023-03-28 13-00-00 T.JPG,My Site,SU O11,T,3/28/2023,1:00:00 PM,First Quarter,Off,K05 SU,128,0,64,154,100,29,8.3,P900BD04101741,,4.1.0.20131009,C:\Users\jball\Pictures\RECONYX Images\My Site\SU O11\2023-03-28 13-00-00 T.JPG,,,15,49,,0,1,1,70
2023-03-29 13-00-00 T.JPG,My Site,SU O11,T,3/29/2023,1:00:00 PM,First Quarter,Off,K05 SU,128,0,64,154,100,25,8.3,P900BD04101741,,4.1.0.20131009,C:\Users\jball\Pictures\RECONYX Images\My Site\SU O11\2023-03-29 13-00-00 T.JPG,,,16,52,,0,1,1,70
2023-03-30 13-00-00 T.JPG,My Site,SU O11,T,3/30/2023,1:00:00 PM,First Quarter,Off,K05 SU,128,0,64,154,100,25,8.3,P900BD04101741,,4.1.0.20131009,C:\Users\jball\Pictures\RECONYX Images\My Site\SU O11\2023-03-30 13-00-00 T.JPG,,,9,28,,0,1,1,70
2023-03-31 13-00-00 T.JPG,My Site,SU O11,T,3/31/2023,1:00:00 PM,Waxing Gibbous,Off,K05 SU,128,0,64,154,100,27,8.2,P900BD04101741,,4.1.0.20131009,C:\Users\jball\Pictures\RECONYX Images\My Site\SU O11\2023-03-31 13-00-00 T.JPG,,,9,29,,0,1,1,70
2023-04-01 13-00-00 T.JPG,My Site,SU O11,T,4/1/2023,1:00:00 PM,Waxing Gibbous,Off,K05 SU,128,0,64,154,100,21,8.2,P900BD04101741,,4.1.0.20131009,C:\Users\jball\Pictures\RECONYX Images\My Site\SU O11\2023-04-01 13-00-00 T.JPG,,,14,44,,0,1,1,70
2023-04-02 13-00-00 T.JPG,My Site,SU O11,T,4/2/2023,1:00:00 PM,Waxing Gibbous,Off,K05 SU,128,0,64,154,100,19,8.3,P900BD04101741,,4.1.0.20131009,C:\Users\jball\Pictures\RECONYX Images\My Site\SU O11\2023-04-02 13-00-00 T.JPG,,,12,39,,0,1,1,70
2023-04-03 13-00-00 T.JPG,My Site,SU O11,T,4/3/2023,1:00:00 PM,Full Moon,Off,K05 SU,128,0,64,154,100,20,8.2,P900BD04101741,,4.1.0.20131009,C:\Users\jball\Pictures\RECONYX Images\My Site\SU O11\2023-04-03 13-00-00 T.JPG,,,20,62,,0,1,1,70
2023-04-04 13-00-00 T.JPG,My Site,SU O11,T,4/4/2023,1:00:00 PM,Full Moon,Off,K05 SU,128,0,64,154,100,25,8.4,P900BD04101741,,4.1.0.20131009,C:\Users\jball\Pictures\RECONYX Images\My Site\SU O11\2023-04-04 13-00-00 T.JPG,,,21,66,,0,1,1,70
2023-04-05 13-00-00 T.JPG,My Site,SU O11,T,4/5/2023,1:00:00 PM,Full Moon,Off,K05 SU,128,0,64,154,100,29,8.3,P900BD04101741,,4.1.0.20131009,C:\Users\jball\Pictures\RECONYX Images\My Site\SU O11\2023-04-05 13-00-00 T.JPG,,,12,38,,0,1,1,70
2023-04-06 13-00-00 T.JPG,My Site,SU O11,T,4/6/2023,1:00:00 PM,Full Moon,Off,K05 SU,128,0,64,154,100,36,8.3,P900BD04101741,,4.1.0.20131009,C:\Users\jball\Pictures\RECONYX Images\My Site\SU O11\2023-04-06 13-00-00 T.JPG,,,22,72,,0,1,1,70
2023-04-07 13-00-00 T.JPG,My Site,SU O11,T,4/7/2023,1:00:00 PM,Waning Gibbous,Off,K05 SU,128,0,64,154,100,26,8.3,P900BD04101741,,4.1.0.20131009,C:\Users\jball\Pictures\RECONYX Images\My Site\SU O11\2023-04-07 13-00-00 T.JPG,,,21,66,,0,1,1,70
2023-04-08 13-00-00 T.JPG,My Site,SU O11,T,4/8/2023,1:00:00 PM,Waning Gibbous,Off,K05 SU,128,0,64,154,100,30,8.1,P900BD04101741,,4.1.0.20131009,C:\Users\jball\Pictures\RECONYX Images\My Site\SU O11\2023-04-08 13-00-00 T.JPG,,,7,25,,0,1,1,70
2023-04-09 13-00-00 T.JPG,My Site,SU O11,T,4/9/2023,1:00:00 PM,Waning Gibbous,Off,K05 SU,128,0,64,154,100,29,8.3,P900BD04101741,,4.1.0.20131009,C:\Users\jball\Pictures\RECONYX Images\My Site\SU O11\2023-04-09 13-00-00 T.JPG,,,7,24,,0,1,1,70
2023-04-10 13-00-00 T.JPG,My Site,SU O11,T,4/10/2023,1:00:00 PM,Waning Gibbous,Off,K05 SU,128,0,64,154,100,25,8.3,P900BD04101741,,4.1.0.20131009,C:\Users\jball\Pictures\RECONYX Images\My Site\SU O11\2023-04-10 13-00-00 T.JPG,,,16,51,,0,1,1,70
2023-04-11 13-00-00 T.JPG,My Site,SU O11,T,4/11/2023,1:00:00 PM,Last Quarter,Off,K05 SU,128,0,64,154,100,25,8.3,P900BD04101741,,4.1.0.20131009,C:\Users\jball\Pictures\RECONYX Images\My Site\SU O11\2023-04-11 13-00-00 T.JPG,,,16,49,,0,1,1,70
2023-04-12 13-00-00 T.JPG,My Site,SU O11,T,4/12/2023,1:00:00 PM,Last Quarter,Off,K05 SU,128,0,64,154,100,31,8.1,P900BD04101741,,4.1.0.20131009,C:\Users\jball\Pictures\RECONYX Images\My Site\SU O11\2023-04-12 13-00-00 T.JPG,,,18,58,,0,1,1,70
2023-04-13 13-00-00 T.JPG,My Site,SU O11,T,4/13/2023,1:00:00 PM,Last Quarter,Off,K05 SU,128,0,64,154,100,31,8.2,P900BD04101741,,4.1.0.20131009,C:\Users\jball\Pictures\RECONYX Images\My Site\SU O11\2023-04-13 13-00-00 T.JPG,,,13,42,,0,1,1,70
2023-04-14 13-00-00 T.JPG,My Site,SU O11,T,4/14/2023,1:00:00 PM,Last Quarter,Off,K05 SU,128,0,64,154,100,33,8.1,P900BD04101741,,4.1.0.20131009,C:\Users\jball\Pictures\RECONYX Images\My Site\SU O11\2023-04-14 13-00-00 T.JPG,,,14,44,,0,1,1,70
2023-04-15 13-00-00 T.JPG,My Site,SU O11,T,4/15/2023,1:00:00 PM,Waning Crescent,Off,K05 SU,128,0,64,154,100,38,8.2,P900BD04101741,,4.1.0.20131009,C:\Users\jball\Pictures\RECONYX Images\My Site\SU O11\2023-04-15 13-00-00 T.JPG,,,10,34,,0,1,1,70
2023-04-16 13-00-00 T.JPG,My Site,SU O11,T,4/16/2023,1:00:00 PM,Waning Crescent,Off,K05 SU,128,0,64,154,100,37,8.2,P900BD04101741,,4.1.0.20131009,C:\Users\jball\Pictures\RECONYX Images\My Site\SU O11\2023-04-16 13-00-00 T.JPG,,,30,99,,0,1,1,70
2023-04-17 13-00-00 T.JPG,My Site,SU O11,T,4/17/2023,1:00:00 PM,Waning Crescent,Off,K05 SU,128,0,64,154,100,32,8.2,P900BD04101741,,4.1.0.20131009,C:\Users\jball\Pictures\RECONYX Images\My Site\SU O11\2023-04-17 13-00-00 T.JPG,,,14,46,,0,1,1,70
2023-04-18 13-00-00 T.JPG,My Site,SU O11,T,4/18/2023,1:00:00 PM,New Moon,Off,K05 SU,128,0,64,154,100,23,8.2,P900BD04101741,,4.1.0.20131009,C:\Users\jball\Pictures\RECONYX Images\My Site\SU O11\2023-04-18 13-00-00 T.JPG,,,11,35,,0,1,1,80
2023-04-19 13-00-00 T.JPG,My Site,SU O11,T,4/19/2023,1:00:00 PM,New Moon,Off,K05 SU,128,0,64,154,100,31,8.2,P900BD04101741,,4.1.0.20131009,C:\Users\jball\Pictures\RECONYX Images\My Site\SU O11\2023-04-19 13-00-00 T.JPG,,,13,45,,0,1,1,80
2023-04-20 13-00-00 T.JPG,My Site,SU O11,T,4/20/2023,1:00:00 PM,New Moon,Off,K05 SU,128,0,64,154,100,36,8,P900BD04101741,,4.1.0.20131009,C:\Users\jball\Pictures\RECONYX Images\My Site\SU O11\2023-04-20 13-00-00 T.JPG,,,15,51,,0,1,1,75
2023-04-21 13-00-00 T.JPG,My Site,SU O11,T,4/21/2023,1:00:00 PM,New Moon,Off,K05 SU,128,0,64,154,100,40,8,P900BD04101741,,4.1.0.20131009,C:\Users\jball\Pictures\RECONYX Images\My Site\SU O11\2023-04-21 13-00-00 T.JPG,,,4,15,,0,1,1,75
2023-04-22 13-00-00 T.JPG,My Site,SU O11,T,4/22/2023,1:00:00 PM,Waxing Crescent,Off,K05 SU,128,0,64,154,100,40,8.1,P900BD04101741,,4.1.0.20131009,C:\Users\jball\Pictures\RECONYX Images\My Site\SU O11\2023-04-22 13-00-00 T.JPG,,,30,100,,0,1,1,75
2023-04-23 13-00-00 T.JPG,My Site,SU O11,T,4/23/2023,1:00:00 PM,Waxing Crescent,Off,K05 SU,128,0,64,154,100,21,8.2,P900BD04101741,,4.1.0.20131009,C:\Users\jball\Pictures\RECONYX Images\My Site\SU O11\2023-04-23 13-00-00 T.JPG,,,12,39,,0,1,1,75
2023-04-24 13-00-00 T.JPG,My Site,SU O11,T,4/24/2023,1:00:00 PM,Waxing Crescent,Off,K05 SU,128,0,64,154,100,21,8,P900BD04101741,,4.1.0.20131009,C:\Users\jball\Pictures\RECONYX Images\My Site\SU O11\2023-04-24 13-00-00 T.JPG,,,24,76,,0,1,1,80
2023-04-25 13-00-00 T.JPG,My Site,SU O11,T,4/25/2023,1:00:00 PM,Waxing Crescent,Off,K05 SU,128,0,64,154,100,34,8,P900BD04101741,,4.1.0.20131009,C:\Users\jball\Pictures\RECONYX Images\My Site\SU O11\2023-04-25 13-00-00 T.JPG,,,33,105,,0,1,1,80
2023-04-26 13-00-00 T.JPG,My Site,SU O11,T,4/26/2023,1:00:00 PM,First Quarter,Off,K05 SU,128,0,64,154,100,35,8.1,P900BD04101741,,4.1.0.20131009,C:\Users\jball\Pictures\RECONYX Images\My Site\SU O11\2023-04-26 13-00-00 T.JPG,,,43,135,,0,1,1,80
2023-04-27 13-00-00 T.JPG,My Site,SU O11,T,4/27/2023,1:00:00 PM,First Quarter,Off,K05 SU,128,0,64,154,100,38,8,P900BD04101741,,4.1.0.20131009,C:\Users\jball\Pictures\RECONYX Images\My Site\SU O11\2023-04-27 13-00-00 T.JPG,,,22,74,,0,1,1,80
2023-04-28 13-00-00 T.JPG,My Site,SU O11,T,4/28/2023,1:00:00 PM,First Quarter,Off,K05 SU,128,0,64,154,100,40,8.2,P900BD04101741,,4.1.0.20131009,C:\Users\jball\Pictures\RECONYX Images\My Site\SU O11\2023-04-28 13-00-00 T.JPG,,,28,92,,0,1,1,80
2023-04-29 13-00-00 T.JPG,My Site,SU O11,T,4/29/2023,1:00:00 PM,Waxing Gibbous,Off,K05 SU,128,0,64,154,100,40,8.2,P900BD04101741,,4.1.0.20131009,C:\Users\jball\Pictures\RECONYX Images\My Site\SU O11\2023-04-29 13-00-00 T.JPG,,,11,39,,0,1,1,80
2023-04-30 13-00-00 T.JPG,My Site,SU O11,T,4/30/2023,1:00:00 PM,Waxing Gibbous,Off,K05 SU,128,0,64,154,100,45,8.1,P900BD04101741,,4.1.0.20131009,C:\Users\jball\Pictures\RECONYX Images\My Site\SU O11\2023-04-30 13-00-00 T.JPG,,,13,44,,0,2,0,65
2023-05-01 13-00-00 T.JPG,My Site,SU O11,T,5/1/2023,1:00:00 PM,Waxing Gibbous,Off,K05 SU,128,0,64,154,100,44,8.3,P900BD04101741,,4.1.0.20131009,C:\Users\jball\Pictures\RECONYX Images\My Site\SU O11\2023-05-01 13-00-00 T.JPG,,,12,41,,0,2,0,60
2023-05-02 13-00-00 T.JPG,My Site,SU O11,T,5/2/2023,1:00:00 PM,Waxing Gibbous,Off,K05 SU,128,0,64,154,100,37,8.4,P900BD04101741,,4.1.0.20131009,C:\Users\jball\Pictures\RECONYX Images\My Site\SU O11\2023-05-02 13-00-00 T.JPG,,,8,28,,0,3,0,60
2023-05-03 13-00-00 T.JPG,My Site,SU O11,T,5/3/2023,1:00:00 PM,Full Moon,Off,K05 SU,128,0,64,154,100,39,8.2,P900BD04101741,,4.1.0.20131009,C:\Users\jball\Pictures\RECONYX Images\My Site\SU O11\2023-05-03 13-00-00 T.JPG,,,28,93,,0,3,0,60
2023-05-04 13-00-00 T.JPG,My Site,SU O11,T,5/4/2023,1:00:00 PM,Full Moon,Off,K05 SU,128,0,64,154,100,38,8.3,P900BD04101741,,4.1.0.20131009,C:\Users\jball\Pictures\RECONYX Images\My Site\SU O11\2023-05-04 13-00-00 T.JPG,,,28,92,,0,3,0,60
2023-05-05 13-00-00 T.JPG,My Site,SU O11,T,5/5/2023,1:00:00 PM,Full Moon,Off,K05 SU,128,0,64,154,100,45,8.2,P900BD04101741,,4.1.0.20131009,C:\Users\jball\Pictures\RECONYX Images\My Site\SU O11\2023-05-05 13-00-00 T.JPG,,,26,88,,0,3,0,60
2023-05-06 13-00-00 T.JPG,My Site,SU O11,T,5/6/2023,1:00:00 PM,Full Moon,Off,K05 SU,128,0,64,154,100,46,8.2,P900BD04101741,,4.1.0.20131009,C:\Users\jball\Pictures\RECONYX Images\My Site\SU O11\2023-05-06 13-00-00 T.JPG,,,29,98,,0,3,0,50
2023-05-07 13-00-00 T.JPG,My Site,SU O11,T,5/7/2023,1:00:00 PM,Waning Gibbous,Off,K05 SU,128,0,64,154,100,47,8.3,P900BD04101741,,4.1.0.20131009,C:\Users\jball\Pictures\RECONYX Images\My Site\SU O11\2023-05-07 13-00-00 T.JPG,,,26,87,,0,3,0,50
2023-05-08 13-00-00 T.JPG,My Site,SU O11,T,5/8/2023,1:00:00 PM,Waning Gibbous,Off,K05 SU,128,0,64,154,100,45,8.3,P900BD04101741,,4.1.0.20131009,C:\Users\jball\Pictures\RECONYX Images\My Site\SU O11\2023-05-08 13-00-00 T.JPG,,,11,39,,1,5,1,50
2023-05-09 13-00-00 T.JPG,My Site,SU O11,T,5/9/2023,1:00:00 PM,Waning Gibbous,Off,K05 SU,128,0,64,154,100,42,8.2,P900BD04101741,,4.1.0.20131009,C:\Users\jball\Pictures\RECONYX Images\My Site\SU O11\2023-05-09 13-00-00 T.JPG,,,13,43,,2,6,3,50
2023-05-10 13-00-00 T.JPG,My Site,SU O11,T,5/10/2023,1:00:00 PM,Last Quarter,Off,K05 SU,128,0,64,154,100,50,8.3,P900BD04101741,,4.1.0.20131009,C:\Users\jball\Pictures\RECONYX Images\My Site\SU O11\2023-05-10 13-00-00 T.JPG,,,18,60,,4,6,3,40
2023-05-11 13-00-00 T.JPG,My Site,SU O11,T,5/11/2023,1:00:00 PM,Last Quarter,Off,K05 SU,128,0,64,154,100,52,8.3,P900BD04101741,,4.1.0.20131009,C:\Users\jball\Pictures\RECONYX Images\My Site\SU O11\2023-05-11 13-00-00 T.JPG,,,11,37,,4,6,3,40
2023-05-12 13-00-00 T.JPG,My Site,SU O11,T,5/12/2023,1:00:00 PM,Last Quarter,Off,K05 SU,128,0,64,154,100,45,8.4,P900BD04101741,,4.1.0.20131009,C:\Users\jball\Pictures\RECONYX Images\My Site\SU O11\2023-05-12 13-00-00 T.JPG,,,13,41,,6,7,2,30
2023-05-13 13-00-00 T.JPG,My Site,SU O11,T,5/13/2023,1:00:00 PM,Last Quarter,Off,K05 SU,128,0,64,154,100,51,8.3,P900BD04101741,,4.1.0.20131009,C:\Users\jball\Pictures\RECONYX Images\My Site\SU O11\2023-05-13 13-00-00 T.JPG,,,15,46,,6,6,6,30
2023-05-14 13-00-00 T.JPG,My Site,SU O11,T,5/14/2023,1:00:00 PM,Waning Crescent,Off,K05 SU,128,0,64,154,100,53,8.4,P900BD04101741,,4.1.0.20131009,C:\Users\jball\Pictures\RECONYX Images\My Site\SU O11\2023-05-14 13-00-00 T.JPG,,,13,38,,9,10,4,20
2023-05-15 13-00-00 T.JPG,My Site,SU O11,T,5/15/2023,1:00:00 PM,Waning Crescent,Off,K05 SU,128,0,64,154,100,56,8.7,P900BD04101741,,4.1.0.20131009,C:\Users\jball\Pictures\RECONYX Images\My Site\SU O11\2023-05-15 13-00-00 T.JPG,,,11,31,,13,10,3,20
2023-05-16 13-00-00 T.JPG,My Site,SU O11,T,5/16/2023,1:00:00 PM,Waning Crescent,Off,K05 SU,128,0,64,154,100,61,8.8,P900BD04101741,,4.1.0.20131009,C:\Users\jball\Pictures\RECONYX Images\My Site\SU O11\2023-05-16 13-00-00 T.JPG,,,8,23,,15,8,5,10
2023-05-17 13-00-00 T.JPG,My Site,SU O11,T,5/17/2023,1:00:00 PM,Waning Crescent,Off,K05 SU,128,0,64,154,100,68,8.8,P900BD04101741,,4.1.0.20131009,C:\Users\jball\Pictures\RECONYX Images\My Site\SU O11\2023-05-17 13-00-00 T.JPG,,,6,16,,17,5,1,10
2023-05-18 13-00-00 T.JPG,My Site,SU O11,T,5/18/2023,1:00:00 PM,New Moon,Off,K05 SU,128,0,64,154,100,67,8.9,P900BD04101741,,4.1.0.20131009,C:\Users\jball\Pictures\RECONYX Images\My Site\SU O11\2023-05-18 13-00-00 T.JPG,,,6,14,,19,3,0,5
2023-05-19 13-00-00 T.JPG,My Site,SU O11,T,5/19/2023,1:00:00 PM,New Moon,Off,K05 SU,128,0,64,154,100,65,8.9,P900BD04101741,,4.1.0.20131009,C:\Users\jball\Pictures\RECONYX Images\My Site\SU O11\2023-05-19 13-00-00 T.JPG,,,4,8,,19,0,0,0
2023-05-20 13-00-00 T.JPG,My Site,SU O11,T,5/20/2023,1:00:00 PM,New Moon,Off,K05 SU,128,0,64,154,100,60,8.9,P900BD04101741,,4.1.0.20131009,C:\Users\jball\Pictures\RECONYX Images\My Site\SU O11\2023-05-20 13-00-00 T.JPG,,,5,10,,19,0,0,0
2023-05-21 13-00-00 T.JPG,My Site,SU O11,T,5/21/2023,1:00:00 PM,New Moon,Off,K05 SU,128,0,64,154,100,48,8.9,P900BD04101741,,4.1.0.20131009,C:\Users\jball\Pictures\RECONYX Images\My Site\SU O11\2023-05-21 13-00-00 T.JPG,,,3,6,,19,0,0,0
2023-05-22 13-00-00 T.JPG,My Site,SU O11,T,5/22/2023,1:00:00 PM,Waxing Crescent,Off,K05 SU,128,0,64,154,100,45,8.8,P900BD04101741,,4.1.0.20131009,C:\Users\jball\Pictures\RECONYX Images\My Site\SU O11\2023-05-22 13-00-00 T.JPG,,,5,10,,19,0,0,0
2023-05-23 13-00-00 T.JPG,My Site,SU O11,T,5/23/2023,1:00:00 PM,Waxing Crescent,Off,K05 SU,128,0,64,154,100,52,8.9,P900BD04101741,,4.1.0.20131009,C:\Users\jball\Pictures\RECONYX Images\My Site\SU O11\2023-05-23 13-00-00 T.JPG,,,4,9,,19,0,0,0
2023-05-24 13-00-00 T.JPG,My Site,SU O11,T,5/24/2023,1:00:00 PM,Waxing Crescent,Off,K05 SU,128,0,64,154,100,60,8.9,P900BD04101741,,4.1.0.20131009,C:\Users\jball\Pictures\RECONYX Images\My Site\SU O11\2023-05-24 13-00-00 T.JPG,,,5,10,,19,0,0,0
